{
    "permittivityFreeSpace": 8.8541878128e-12,
    "coulombConst": 8.9875517923e9,
    "electronCharge": 1.602176634e-19
}